Item,Open,Close,Volume
0,0.9860384914895985,0.9784761556733051,0.06388312667025665
1,1.0,0.983921067056459,0.11086829324956388
2,0.9935662105536396,0.9999999999999999,0.09684199148012257
3,0.9875403270664145,0.9880869724100126,0.09897079564985757
4,0.9907294100196538,0.974511236981546,0.10010183770357682
5,0.9779730782066971,0.9865338936597844,0.0957623970956984
6,0.9773241369080727,0.9739265485108716,0.09330832534430503
7,0.9688879000259578,0.973780376393203,0.12239095783012016
8,0.9651982052137797,0.9575918143614105,0.11862174382861009
9,0.9629361812585753,0.9584505755527134,0.18617334028384772
10,0.9538695442577967,0.9623972227297642,0.46231207259893553
11,0.8998961693922201,0.8770509775260368,0.18133125415435447
12,0.8783327770979346,0.8784578841585969,0.10777901307953919
13,0.8813549894315273,0.8733601315549059,0.10739181110853774
14,0.9175473727147996,0.869541384980815,0.1317899271558366
15,0.917399043275114,0.9056276265302395,0.10470989967883748
16,0.9110208773686357,0.898775808514526,0.11696457317077544
17,0.9217191382059553,0.9140507948108897,0.09407340775737638
18,0.9189750435717727,0.9128996893842499,0.11492593686743569
19,0.9223309971446583,0.9125708021194957,0.08087448131069302
20,0.9221455853450513,0.9083318107071076,0.10411923741288853
21,0.9137093484629362,0.9050977526036909,0.1138688396345674
22,0.8882523083769052,0.9075461355746391,0.15102203394327204
23,0.8998961693922201,0.8771240635848713,0.08606128475048061
24,0.8998961693922201,0.8851635300566417,0.07912454351397262
25,0.875236400044499,0.8876849990864243,0.10440166181349629
26,0.8544517373085623,0.872300383701809,0.1080433322027992
27,0.8572514554826269,0.8389000548145441,0.08459825285866197
28,0.851689101494419,0.8500639503014801,0.07890799722648663
29,0.8627767271109135,0.8418052256532066,0.11427199576085546
30,0.8479808655022805,0.8524757902430112,0.14088021046578245
31,0.8282530500241037,0.8349168646080761,0.0886683550584711
32,0.8029999629176401,0.8257628357390828,0.19983977725848098
33,0.7955464085734416,0.7898958523661613,0.14867991016914273
34,0.7987540327066416,0.7827882331445278,0.1656322757222213
35,0.8030185040976008,0.7966014982642061,0.09359523124920678
36,0.8127526235769644,0.8037639320299653,0.10927108511918293
37,0.7941743612563503,0.8021743102503199,0.1375224881885473
38,0.7838654651982051,0.7843230403800475,0.0820402998377337
39,0.7886676308080247,0.7718801388635118,0.115882200253689
40,0.7972892794897466,0.781545770144345,0.22332348716963246
41,0.8095079170838433,0.7903526402338755,0.12437169309798148
42,0.8084139874661622,0.8085876119130276,0.09799140770144721
43,0.8119924351985761,0.8030696144710397,0.1009344115713158
44,0.815070271072051,0.7976064315731776,0.11276782365961793
45,0.8192234953832462,0.7928923807783667,0.08884438854713934
46,0.8103978937219565,0.8102868627809247,0.10792044935505776
47,0.8074683872881669,0.795285949205189,0.13617875394103487
48,0.81290095301665,0.7964553261465376,0.12000258493167679
49,0.8278266028850076,0.8126987027224558,0.08417224106047451
50,0.8104535172618386,0.816334734149461,0.14062449583076692
51,0.7887417955278673,0.7985017357938974,0.11590917890953888
52,0.7610227314866318,0.7833729216152018,0.10554561059958226
53,0.7812326176437869,0.769705828613192,0.09656933675887572
54,0.7951199614343456,0.7735063036725746,0.09364936782107829
55,0.8047057514740237,0.7833546501004934,0.11311074836819467
56,0.7922275373604775,0.793805956513795,0.09685946934686916
57,0.7751511106166797,0.7895852366161157,0.10382695370283397
58,0.7701079096673713,0.756641695596565,0.08375501301070327
59,0.7706826862461527,0.7639685729947013,0.11957361534065529
60,0.7993658916453443,0.7645349899506669,0.11173026578547147
61,0.7984573738272702,0.7937328704549608,0.0894354989635177
62,0.7964920087514369,0.785072172483099,0.07838859087881224
63,0.7933400081581192,0.7858943906449843,0.09460276304458345
64,0.7663440501353507,0.7707655764662892,0.10738024882745922
65,0.7841065005376942,0.757701443449662,0.15680398115330257
66,0.7897801016056663,0.7863146354832816,0.10606905030112125
67,0.8017947862201951,0.7934222547049151,0.09407573813960926
68,0.8054473986724515,0.7981180339850175,0.09176229599296154
69,0.8009604331219637,0.7955600219258178,0.09626145741387805
70,0.8078206697074202,0.7876849990864242,0.10702217663436878
71,0.8046130455742204,0.7999999999999999,0.16263307378850597
72,0.8116030704194015,0.8008039466471771,0.10995944417874104
73,0.8292357325620203,0.8002009866617944,0.175452954602003
74,0.806077798791115,0.8203544673853463,0.16084289208322547
75,0.8475729595431454,0.8067604604421709,0.27978327086713883
76,0.8529499017317461,0.8318107071076192,0.185916281197544
77,0.8513368190751658,0.8371094463731045,0.4168147654452357
78,0.8854711313828012,0.891266215969304,0.287790643479483
79,0.8669855749619906,0.8777087520555454,0.15142698267127772
80,0.8906255794118738,0.8689932395395578,0.1446151857744864
81,0.8773500945600179,0.8739996345697058,0.10899430741398561
82,0.8498349834983498,0.8639685729947012,0.10263729357294922
83,0.8572514554826269,0.8420792983738351,0.10364285350643652
84,0.8479808655022805,0.8467933491686462,0.093660033801298
85,0.837393851744725,0.8306395030148,0.11533088559544136
86,0.8232840137946378,0.8245569157683174,0.1365480298948603
87,0.8063373753105647,0.7994518545587431,0.09900530323292135
88,0.7919308784811065,0.7970948291613374,0.10613627286553122
89,0.7679756739718917,0.7784396126438883,0.14299350863066024
90,0.759205695850484,0.7566965101406907,0.12695671440484546
91,0.7548299773797604,0.7658688105243926,0.16181699185656892
92,0.7741498868988022,0.7410195505207383,0.15258993303557022
93,0.7998665035042829,0.760423899141239,0.18629344459892688
94,0.8070419401490709,0.7769778914672026,0.2940043388131973
95,0.8053361515926873,0.8184542298556551,0.24301360369591452
96,0.8302925798197798,0.7958706376758634,0.2303682326596258
97,0.8811695776319204,0.8399780741823498,0.14241718717845206
98,0.8569362554232951,0.8643157317741642,0.13620035479173195
99,0.8604034560759448,0.8487849442718803,0.08369173417007202
100,0.8510216190158342,0.8530970217431025,0.1070453011965258
101,0.8582155968405829,0.8369815457701445,0.10020016190778715
102,0.8441984647902994,0.8492965466837202,0.1364649428052496
103,0.8257314495494492,0.8171569523113466,0.2737361978630754
104,0.8145511180331517,0.8217796455326146,0.18440000903471265
105,0.8626654800311491,0.8372190754613559,0.13260753279923362
106,0.8478139948826342,0.842042755344418,0.17972131855177859
107,0.8249156376311788,0.8228576649004203,0.3365168744770085
108,0.9082397003745317,0.8355198245934589,0.2956227892739318
109,0.904253346682983,0.8968572994701262,0.13168918293930754
110,0.8992472280935959,0.892618308057738,0.12900099740359566
111,0.9057551822597989,0.8846519276448018,0.16191155159717227
112,0.893499462305781,0.897368901881966,0.11149830312321413
113,0.88035376571365,0.882605517997442,0.15588706537475056
114,0.8794081655356547,0.8668006577745296,0.1256848634862088
115,0.8906626617717952,0.8629819112004385,0.2186314418039023
116,0.8819297660103087,0.8831171204092819,0.13071257352355944
117,0.8807987540327067,0.8750593824228029,0.11145429475104707
118,0.8578633144213299,0.8715329800840489,0.14806800557284022
119,0.8497979011384285,0.844893111638955,0.0917409640325221
120,0.8404160640783178,0.8336744016078935,0.11306924963843225
121,0.816460859569103,0.8209574273707291,0.099576784660492
122,0.8099158230429786,0.8066142883245021,0.12385963641734925
123,0.7905032076241332,0.7997259272793714,0.14241906941025553
124,0.8177031186264694,0.780321578658871,0.21063536258237903
125,0.8257314495494492,0.823040380047506,0.08607679075533783
126,0.812659917677161,0.812223643340033,0.09829857000575784
127,0.8100270701227426,0.8033436871916683,0.09343443487513813
128,0.7985129973671525,0.8003837018088801,0.07413268551097396
129,0.8108614232209739,0.7970582861319203,0.1045059016033747
130,0.820076389661438,0.8032523296181254,0.14102442527396333
131,0.7999962917640078,0.8071441622510506,0.11841604278151556
132,0.8137538472948418,0.7940434862050064,0.17059679654902657
133,0.7999035858642045,0.8023204823679883,0.12674160219873357
134,0.7791189231282678,0.7938790425726293,0.1335594939413647
135,0.7694033448288649,0.774511236981546,0.1377894962143837
136,0.755163718619053,0.7674401607893296,0.18891951648512392
137,0.7713316275447768,0.7553626895669653,0.29294007117345866
138,0.7026180146104499,0.6974237164260918,0.17986472668918652
139,0.7037861089479736,0.6928192947195323,0.11006888251360047
140,0.686672599844254,0.6938607710579207,0.14912106945184392
141,0.6610857714984983,0.6764297460259455,0.12224638450159579
142,0.6456595097712019,0.6406723917412754,0.11191481413229833
143,0.6429895798568621,0.6378585784761556,0.08295434745353757
144,0.6399302851633477,0.6315731774164078,0.08320163686048038
145,0.629602847925242,0.6290334368719167,0.06859229138238992
146,0.6125264211814441,0.6296729398867166,0.07400406633773621
147,0.6072051025327252,0.6048054083683537,0.08496017914544526
148,0.6068157377535506,0.6061940434862051,0.07628004310848611
149,0.6119701857826232,0.6044217065594738,0.09606552604614445
150,0.6132309860199503,0.6069431755892564,0.07894465593161154
151,0.6179960692698485,0.606833546501005,0.09405073134564876
152,0.6262283531723958,0.6126987027224556,0.10950224111066735
153,0.6319946601401714,0.6191485474145807,0.1345932873519042
154,0.6243000704564838,0.6249223460624888,0.09169874826207264
155,0.6203322579448958,0.6321944089164991,0.14910601159741607
156,0.6198687284458784,0.6158414032523297,0.10731625294614093
157,0.6282678829680721,0.6193129910469578,0.0927398913396543
158,0.6125078800014834,0.6191485474145807,0.11555648452160122
159,0.6039974783995252,0.5999817284852914,0.136176423558802
160,0.579041050172433,0.5974054449113831,0.1611549840422595
161,0.6033856194608225,0.5881235154394299,0.17340383157861528
162,0.6050914080172063,0.5938790425726294,0.31183418290704074
163,0.6253198353543219,0.6158231317376212,0.12490248246656262
164,0.661456595097712,0.6174127535172668,0.22009133664271513
165,0.6588793710831757,0.6501918509044399,0.10967038715177817
166,0.6618459598768867,0.6569888543760277,0.14383764477947772
167,0.6570623354470277,0.6508861684633657,0.08690784091161685
168,0.6543924055326882,0.6479992691394117,0.12311068741973627
169,0.6470686394482144,0.6451123698154578,0.06921826790217558
170,0.6546946267660474,0.6449661976977891,0.10896463985555933
171,0.6464011569696295,0.6407820208295268,0.14885773625952858
172,0.6329031779582452,0.6324319386077105,0.1095870311719098
173,0.6282864241480328,0.6263840672391742,0.08134719038362395
174,0.6169577631920495,0.6200621231500091,0.08742670947877597
175,0.6161234100938184,0.6121140142517815,0.08487252092145466
176,0.6228167760596284,0.6148912844874842,0.0783145564278754
177,0.6289168242666965,0.6177233692673122,0.07061497353044305
178,0.61964623428635,0.6261465375479628,0.12590902833099457
179,0.6136388919790856,0.6041659053535539,0.1461638143983204
180,0.611673526903252,0.6152567147816553,0.09329147488815959
181,0.6175696221307525,0.614087337840307,0.1226689903565198
182,0.622000964141358,0.6190023752969122,0.10620161319813771
183,0.6192939518670968,0.6179608989585238,0.08013261308986457
184,0.6192939518670968,0.6196053352822949,0.10217623641118269
185,0.608836726369266,0.6130458615019186,0.1235337414250897
186,0.603107501761412,0.6059016992508678,0.11282124319080239
187,0.6020506545036526,0.5964370546318291,0.11085816504985943
188,0.6013831720250677,0.5990133382057373,0.08255405948999765
189,0.5958208180368598,0.5969121140142518,0.1008677267874211
190,0.5878481106537621,0.5867348803215787,0.09809627490192677
191,0.5837875922423703,0.5792252877763565,0.08506486708575306
192,0.5791337560722365,0.5770692490407455,0.10035083008215136
193,0.5735528609040679,0.5744929654668373,0.10911602507061059
194,0.5655986947009308,0.5642061026859128,0.10011886741989402
195,0.5716987429079987,0.5644801754065413,0.13045802407966034
196,0.5546593985241219,0.5590718070528046,0.12628171022808346
197,0.5655616123410092,0.5538918326329253,0.17618478425321288
198,0.560332999592094,0.5558925634935136,0.1808986097298119
199,0.593336299922127,0.5659967111273526,0.27878156502734436
200,0.6305113657433159,0.6043486205006395,0.2562801112273514
201,0.6362591315311306,0.6205006395030147,0.21213639763061076
202,0.6210739051433234,0.6269322126804312,0.12990195902686105
203,0.6075017614120961,0.6053718253243195,0.12657569690976975
204,0.5795972855712537,0.5970400146172118,0.1616788718942279
205,0.5789668854525902,0.5709300200986661,0.1399362264012947
206,0.5756480142396263,0.565731774164078,0.07950090024458259
207,0.5769273556569139,0.5728485291430662,0.10645696931280972
208,0.5792820855119221,0.5701808879956148,0.10160869870739077
209,0.5800237327103497,0.5761556733053171,0.09494586701333195
210,0.579393332591686,0.5733784030696146,0.11389859682307954
211,0.575425520080098,0.5762104878494426,0.09261584330079643
212,0.5807282975488561,0.5705280467750776,0.08871567974381571
213,0.5780212852745947,0.5739082769961629,0.1095673125530162
214,0.5573664107983831,0.5729947012607345,0.13981298503320974
215,0.5403456075944675,0.5508496254339484,0.09918286043304957
216,0.5445729966255053,0.5378220354467386,0.09359110826525631
217,0.5268661697630437,0.5364334003288872,0.14318531701444334
218,0.5341713946675566,0.510268591266216,0.1579298246620408
219,0.535246783105277,0.5303124429015166,0.06545425244564654
220,0.5544739867245152,0.5344418052256531,0.08629423334368264
221,0.5488745503763859,0.5463182897862232,0.06871445718944431
222,0.5492824563355212,0.5433217613740179,0.05360076321810729
223,0.5519894686097824,0.5457884158596747,0.0803686091059865
224,0.5584417992361035,0.5518545587429199,0.10122185525673284
225,0.5601475877924871,0.5552165174492966,0.08104881182772955
226,0.5480216560981941,0.5510688836104513,0.09627293006487068
227,0.5668965772981793,0.5449479261830806,0.18238252543164057
228,0.5612229762302074,0.557829344052622,0.1346519950581556
229,0.5613342233099714,0.5564041659053537,0.14264466833641543
230,0.5548448103237289,0.5546318289786224,0.18499954467916374
231,0.5384173248785553,0.5421523844326696,0.18610020213376968
232,0.5290725701783661,0.5421889274620867,0.15677180395247167
233,0.5151296028479253,0.5186369450027407,0.11917655406020705
234,0.49384432825305,0.5091174858395763,0.1519342889573583
235,0.5007601883783885,0.4870454960716245,0.14400632860110382
236,0.48774428004598214,0.49327608258724653,0.11867346038816282
237,0.46341825193755337,0.47131372190754617,0.1269847686217259
238,0.48724366818704357,0.46659967111273526,0.26534189216998744
239,0.5106611784773984,0.4850904439978073,0.20725702538539145
240,0.5133681907516594,0.5084779828247762,0.1402545924663403
241,0.49199021025698086,0.5037273890005481,0.18549242052141765
242,0.4998887529202358,0.4917412753517266,0.0496396512027282
243,0.5063225423665962,0.49048054083683545,0.12780954467199332
244,0.5154077205473355,0.5037822035446738,0.13814353505360955
245,0.49682945822672164,0.5054814544125709,0.11387932635461535
246,0.5130715318722883,0.4896583226749497,0.1347329310257052
247,0.5048207067897801,0.5091905718984105,0.10726955567139747
248,0.4830904438758483,0.49685729947012625,0.12865726602424601
249,0.46783105276819814,0.4859126621596931,0.21296726852671802
250,0.48383209107427594,0.44496619769778933,0.32683189554724906
251,0.4855749619905809,0.47774529508496244,0.20678180667005588
252,0.5497830681944598,0.4933491686460808,0.4157703060544765
253,0.5289613230986021,0.5349168646080759,0.21224350558323732
254,0.5353765713650016,0.5444180522565322,0.11677231663656291
255,0.5188749211999852,0.5298191120043853,0.13172136014013844
256,0.47467274817369365,0.4923625068518179,0.1906324370563759
257,0.505432565728483,0.4925634935136124,0.1734559962885974
258,0.5257351577854417,0.5045678786771425,0.17123666573212365
259,0.5344309711870063,0.5318107071076194,0.21497094909656458
260,0.5577557755775577,0.5335099579755161,0.21684672753386047
261,0.58163681536693,0.5532980084048967,0.3565210548242139
262,0.5680090480958209,0.5532614653754796,0.17997102797104017
263,0.5779100381948308,0.5600584688470674,0.13986613567413655
264,0.5970816182741869,0.575771971496437,0.13681862312413193
265,0.575240108280491,0.5857116754978989,0.14245536959503693
266,0.5568843401194052,0.560624885803033,0.06924130283424673
267,0.5722735194867801,0.556221450758268,0.13709351859752578
268,0.5640412355842326,0.564608076009501,0.1081967789098257
269,0.54362739644751,0.5530970217431025,0.17453066101829817
270,0.5287017465791521,0.5251416042389915,0.0688943447718054
271,0.5321318648718805,0.5225287776356661,0.05190514125343015
272,0.5313345941335708,0.5219075461355748,0.07977615423831995
273,0.5360440538435867,0.5364334003288872,0.0648487115854415
274,0.5414209960321874,0.5308240453133567,0.0818578129828821
275,0.5248266399673676,0.5360679700347161,0.07736268491583019
276,0.5284421700597026,0.5162251050612098,0.060251315590400555
277,0.5272184521822969,0.519477434679335,0.07172782067672867
278,0.5277932287610783,0.5187648456057009,0.07817536090450382
279,0.5217117217339711,0.5186917595468664,0.0749528904268615
280,0.5184113917009678,0.51162068335465,0.0939136869443383
281,0.522267957132792,0.5202631098118035,0.1208157987008657
282,0.5317425000927061,0.5160972044582496,0.10799134675298881
283,0.5250862164868173,0.5280650465923625,0.07494634743059227
284,0.5207290391960544,0.5307144162251051,0.06677423472040074
285,0.5341528534875959,0.5146172117668556,0.10570407659141803
286,0.5412912077724628,0.5378220354467386,0.10785842533562882
287,0.5290725701783661,0.5383884524027044,0.08764029797342791
288,0.5154633440872176,0.5183080577379865,0.0692759000473964
289,0.5086772722216042,0.5095194591631645,0.05857245445178297
290,0.5150183557681611,0.4990864242645717,0.06741258019203784
291,0.5100678607186562,0.5048967659418967,0.13249917002540476
292,0.4973486112656209,0.5107801936780559,0.09145432701787798
293,0.4912671042385137,0.49322126804312083,0.06622623637533065
294,0.5002966588793711,0.48810524392472143,0.08107041267842661
295,0.48296065561612345,0.5051525671478166,0.10469770998715781
296,0.5107168020172805,0.48805042938059573,0.14011181173953355
297,0.5264582638039086,0.5166636214142154,0.0627051184515363
298,0.5290725701783661,0.5258541933126256,0.05219168863798839
299,0.5169280973041126,0.5253608624154943,0.11038115373280627
300,0.516112285385842,0.5096108167367076,0.06868568593187684
301,0.5091408017206216,0.5047140507948108,0.05474247125204626
302,0.5049875774094263,0.5016809793531883,0.06665422003540748
303,0.5092891311603072,0.5052804677507766,0.06984030069818252
304,0.5081952015426261,0.5108715512515988,0.053462015845165106
305,0.5086772722216042,0.5061026859126622,0.09084179501097432
306,0.5049690362294657,0.5058651562214508,0.056114797496954374
307,0.5116067786553937,0.5062854010597478,0.06577701038490028
308,0.520691956836133,0.5107436506486388,0.05633869345148253
309,0.5165943560648198,0.5108715512515988,0.059085138543016356
310,0.5198019801980198,0.5168463365613009,0.05323991249235456
311,0.5290911113583268,0.5206468116206834,0.05244749290308981
312,0.5241035339489006,0.5250502466654486,0.05562694093950974
313,0.529628805577187,0.5199707655764664,0.055236512285416615
314,0.536025512663626,0.5296729398867167,0.06674886940609671
315,0.53185374717247,0.5310981180339852,0.05279086576209595
316,0.5383431601587125,0.534076374931482,0.05685576941692403
317,0.536025512663626,0.5337657591814361,0.049808066134096655
318,0.5311120999740424,0.5329983555636763,0.081987059566721
319,0.5327808061705046,0.5284304768865339,0.0796958456813715
320,0.5175399562428153,0.5288872647542481,0.09044132778726265
321,0.5146475321689472,0.5098848894573361,0.06770020313762665
322,0.505302777468758,0.5127535172665812,0.0773634915866031
323,0.5081024956428228,0.5088799561483647,0.10478474080054725
324,0.4940111988726963,0.5122053718253244,0.17408080761726663
325,0.5155560499870213,0.5047323223095194,0.2442599100400754
326,0.467960841027923,0.4629270966563127,0.22786083100713383
327,0.45171876738235617,0.455362689566965,0.07740185326335973
328,0.45312789705936884,0.4492417321395944,0.07107656847272485
329,0.45615010939296163,0.45170838662525126,0.06585310632781237
330,0.45835650980828424,0.4571350264936963,0.08206127327782961
331,0.4555753328141803,0.4496254339484743,0.057695692951705166
332,0.4499573552860905,0.4543029417138683,0.07846576238275489
333,0.4361627173953351,0.4465740909921433,0.09437519225653422
334,0.42285015018355776,0.4407637493148181,0.09652622468756746
335,0.42844958653168685,0.41505572811986113,0.07441510991158172
336,0.42075499684799955,0.41732139594372375,0.05227629943905908
337,0.42453739755998066,0.4100676046044217,0.053989220010311055
338,0.416193866577669,0.41675497898775815,0.08132245247992108
339,0.395668780361182,0.4066142883245022,0.08296340009221144
340,0.37981607149479,0.3893294354101956,0.10680016291164411
341,0.3771832239403716,0.3705645898044948,0.0799589099834292
342,0.3621648681722105,0.37496802484926006,0.10333452601100945
343,0.37343790558831147,0.36981545770144353,0.08992855406594337
344,0.36628101012348435,0.37759912296729403,0.08088165171756342
345,0.35380279600993814,0.3646080760095013,0.09844395000505515
346,0.3492231245596469,0.3500091357573544,0.15898737004533847
347,0.34175102903548793,0.34257262927096643,0.10873429053484783
348,0.32697370860681585,0.3210487849442719,0.21338933660112677
349,0.33470538065042454,0.33376575918143614,0.2596530706191862
350,0.376015129602848,0.3824593458797735,0.13439771450451413
351,0.3790002595765194,0.37480358121688273,0.05658678952919826
352,0.3777765416991137,0.37162433765759195,0.12203467823874731
353,0.37846256535765943,0.3675497898775809,0.15564389895175823
354,0.3967812511588238,0.3639137584505757,0.21525202904588417
355,0.4083880298142173,0.39799013338205735,0.11530569954130908
356,0.41597137241814064,0.41361227845788406,0.06661998134260133
357,0.4112989950680461,0.41242463000182716,0.11326993140071748
358,0.4113546186079282,0.4125890736342043,0.062008961574506624
359,0.41684280787629335,0.41447103964918697,0.0651560531499239
360,0.4231468090629287,0.43126256166636223,0.06767636153478257
361,0.4251677976786443,0.430714416225105,0.10240273163820136
362,0.4175288315348389,0.409464644619039,0.09931363072834842
363,0.42692920977491,0.4092819294719531,0.09967824591770812
364,0.43501316423777214,0.4198611364882149,0.0769090670511917
365,0.44100196536507585,0.4345879773433218,0.0795933984932107
366,0.4447658248970965,0.4414397953590353,0.10366068989352664
367,0.4395928356880632,0.443997807418235,0.10927691107476513
368,0.4252605035784478,0.4387173396674585,0.13750787848454885
369,0.4231468090629287,0.42311346610634015,0.09966202287216384
370,0.4192346200912227,0.42521469029782566,0.12987560778161236
371,0.39346237994585986,0.41575004567878693,0.1127992838197618
372,0.3928505210071569,0.38678969486570447,0.07757537710962334
373,0.3837468016464567,0.3968390279554176,0.11822656477996532
374,0.385118848963548,0.37962726109994527,0.09597365520811749
375,0.3875477435383987,0.39115658688105237,0.10691004939693294
376,0.41039047724997224,0.39053535538096107,0.16073847303317532
377,0.397671227796937,0.4091723003837019,0.11289384356036515
378,0.402862758185931,0.3988306230586517,0.07580634810461051
379,0.4123743835057663,0.4033619587063767,0.07683601853119952
380,0.42414803278080604,0.40697971861867355,0.10914219705568755
381,0.4117996069269849,0.42139594372373457,0.13290797284710326
382,0.40299254644565585,0.4026128266033254,0.11856429094356102
383,0.3777394593391923,0.39936049698520015,0.14179407882141457
384,0.3764786591018654,0.38161885620317915,0.1081824380960849
385,0.3631104683502058,0.3711858213045863,0.10385778645237667
386,0.37493974116512785,0.36508313539192405,0.08946247761936757
387,0.3763488708421403,0.37577197149643726,0.10098263255751923
388,0.3634998331293804,0.36627078384798095,0.17642382769225473
389,0.39605814514035664,0.36263475242097576,0.1935852106056054
390,0.39425965068416957,0.3897131372190755,0.2522828782873627
391,0.4278748099529053,0.3939155856020463,0.17946560391676306
392,0.4105944302295399,0.4213411291796091,0.11691787589603198
393,0.4295064337894463,0.41333820573725555,0.48931519746224966
394,0.4834241851151406,0.48710031061575,0.13790018937044546
395,0.4882819742648423,0.4752786405993056,0.09633504371438549
396,0.5096228723995995,0.47758085145258533,0.11628553564014885
397,0.49284310453517266,0.5007491321030514,0.12854666249827013
398,0.48082841992064385,0.48684450940983004,0.1384260490843032
399,0.4808840434605257,0.4762470308788599,0.072374949896782
400,0.4718915711795899,0.47354284670199165,0.10709925850822555
401,0.4511996143434569,0.4577745295084964,0.10160878833747665
402,0.46050728668372454,0.44500274072720647,0.07264805276845825
403,0.46226869877999044,0.45057555271331984,0.11173241690753259
404,0.46486446397448744,0.4526402338753882,0.09217369808715056
405,0.44706493121222235,0.46252512333272444,0.06443614430013603
406,0.4511996143434569,0.448108898227663,0.08626734431791865
407,0.4735602773760521,0.4617942627443815,0.06952901540992142
408,0.45231208514109844,0.47023570253974045,0.09776401617356975
409,0.4720584417992362,0.4611730312442902,0.10058297200458047
410,0.4736344420958951,0.47136853645167187,0.11033472534832045
411,0.44487707197686066,0.460844143979536,0.12047592141520888
412,0.4489561315682129,0.4403069614471039,0.0815554010731231
413,0.44009344754700197,0.4435410195505206,0.14223927145798035
414,0.4592835688063188,0.44858395761008574,0.12764821051740938
415,0.45019839062557954,0.4534989950666911,0.11309676607479739
416,0.44841843734935294,0.4559473780376394,0.16389497576760997
417,0.45835650980828424,0.44774346793349185,0.26645025781197906
418,0.44832573144954946,0.44807235519824584,0.16607576538715538
419,0.4296362220491712,0.4449844692124979,0.14488147675963578
420,0.43065598694700924,0.43080577379864804,0.15353929490521082
421,0.4304520339674416,0.4347524209756989,0.15329612848221846
422,0.41782549041421,0.4280467750776541,0.14814661115815694
423,0.3957985686209071,0.4024666544856569,0.25325814325182255
424,0.37790632995883855,0.38861684633656124,0.10501240121868237
425,0.3595876441576742,0.3680248492600037,0.1228859847944352
426,0.3935365446657024,0.37019915951032345,0.24441810714165355
427,0.40853635925390286,0.3989402521469031,0.1163733731243112
428,0.41537805465939837,0.40173579389731395,0.1692122806124388
429,0.41597137241814064,0.4134843778549243,0.09633432667369846
430,0.38745503763859523,0.4134112917960898,0.12959551376323747
431,0.3813364482515669,0.37496802484926006,0.13080032137763592
432,0.3966514628990989,0.3883062305865158,0.18401146261242302
433,0.3807616716727853,0.3895486935866984,0.10086450010432943
434,0.36019950309637694,0.3782386259820939,0.11744131559757097
435,0.3834316015871251,0.37145989402521484,0.12523545823560667
436,0.3945563095635407,0.39084597113100694,0.1257224184921925
437,0.3715281640523602,0.38070528046775076,0.10098917555378846
438,0.3992843104535173,0.3742006212315002,0.11471960840974
439,0.3788890124967552,0.3943906449844693,0.16379709971382905
440,0.3677272221604184,0.3625982093915586,0.1908127727891664
441,0.36268402121110976,0.34688470674218885,0.17702721743039865
442,0.33439018059109293,0.3481819842864974,0.19243848328685714
443,0.35638002002447444,0.35002740727206294,0.1813124318363197
444,0.3294211443616273,0.33904622693221265,0.23799360184594956
445,0.3211332369191977,0.3475059382422804,0.27875494489183805
446,0.38791856713761264,0.3490224739630917,0.3456150452345118
447,0.4230355619831645,0.39367805591083493,0.43066010407128535
448,0.5109392961768087,0.4282843047688655,0.5149682243419539
449,0.537416101160678,0.4971679152201717,0.44831534875783463
450,0.47430192457447995,0.47405444911383154,0.2695509210029105
451,0.43920347090888856,0.45751872830257645,0.2225267653362455
452,0.4219416323654839,0.4356111821670018,0.21178047655958143
453,0.4060889234990914,0.37902430111456253,0.10521299335088172
454,0.40642266473838395,0.40286862780924537,0.11146415406049387
455,0.4244632328401381,0.4003654302941714,0.14170731689828275
456,0.4245003152000595,0.4251781472684085,0.16430709490248604
457,0.38478510772425545,0.3910835008222183,0.20620261705509957
458,0.3596247265175956,0.3762104878494429,0.2854104269188547
459,0.3868617198798532,0.38231317376210494,0.2025700889345564
460,0.3664478807431304,0.36890188196601514,0.23636771208808702
461,0.3907182853116773,0.4059382422802852,0.17173572605030327
462,0.4379426706715617,0.38006577745295067,0.15290578945821123
463,0.4209404086476063,0.4266764114745113,0.1589725810811683
464,0.4115400304075352,0.40833181070710756,0.18667159393125443
465,0.4390551414692032,0.4054814544125708,0.20893131538962917
466,0.4369414469536841,0.42726109994518546,0.22422077395937678
467,0.43636667037490273,0.4587429197880505,0.15841777084957132
468,0.46686691141024217,0.4568426822583592,0.12115773747849776
469,0.46047020432380315,0.4554905901699252,0.20176037073871683
470,0.5096043312196388,0.4866252512333272,0.09519754829448289
471,0.5227685689917307,0.5087703270601133,0.07710356433755121
472,0.5043942596506843,0.5190023752969123,0.15748723129796555
473,0.4788630548448103,0.49325781107253797,0.13514280940843426
474,0.47261467719805683,0.4674767038187465,0.04654409692669192
475,0.47988281974264857,0.47096656312808316,0.1397125097069383
476,0.47650832498980233,0.4704001461721178,0.12167176602101934
477,0.4662735936514999,0.46632559839210674,0.13603767618585982
478,0.46697815849000635,0.4508678969486569,0.28150730556903997
479,0.4964771758074684,0.4693586698337292,0.1385204295647348
480,0.47344903029628815,0.4851818015713504,0.17793974133474255
481,0.47901138428449586,0.458340946464462,0.23826078913195772
482,0.45822672154855937,0.46632559839210674,0.2160963444548734
483,0.45705862721103574,0.45006395030147994,0.19866221719019003
484,0.47873326658508564,0.46941348437785513,0.17750055391393074
485,0.4904512923202431,0.4733418600401974,0.24128132302611247
486,0.48807802128527467,0.493002009866618,0.1632650555240456
487,0.506396707086439,0.494609903160972,0.16172565879905723
488,0.4791967960841028,0.5011145623972227,0.24641712694703435
489,0.503133459413357,0.4750411109080942,0.2314848442695184
490,0.5084918604219972,0.4930202813813266,0.1991820716882938
491,0.4680906292876479,0.5015348072355198,0.1906153177099728
492,0.47124262988096555,0.45687922528777636,0.1872971223006107
493,0.4705936885823414,0.47087520555454054,0.07444388116914918
494,0.47000037082359913,0.4670199159510323,0.09987193653329472
495,0.4771572662884267,0.4672574456422437,0.20849463761122197
496,0.48726220936700426,0.48132651196784215,0.12614251470471188
497,0.46701524084992774,0.48245934587977357,0.19765836022833444
498,0.4525716616605482,0.44922346062488583,0.11829988219021513
499,0.4318797048244152,0.4521286314635483,0.15024404479783396
500,0.4350502465976933,0.42526950484195136,0.13471115091483635
501,0.4096673712315053,0.4319568792252878,0.17010607182883378
502,0.4348277524381652,0.41010414763383884,0.18531629740266353
503,0.4382207883709719,0.4361045130641331,0.1639484849288803
504,0.44092780064523307,0.4437237346976065,0.12180441854812168
505,0.4259836095969147,0.43078750228393947,0.14340526924519278
506,0.43673749397411665,0.4245203727389001,0.1848060333237489
507,0.43914784736900647,0.4407272062854012,0.13476492896636433
508,0.43538398783698606,0.43614105609355025,0.16613545902435142
509,0.42153372640634856,0.43040380047505955,0.15223123343187864
510,0.4157117958986911,0.41953224922346066,0.13958702758670635
511,0.40124967552935065,0.41761374017906083,0.1683538036498805
512,0.40990840657099414,0.39879408002923433,0.1703659990778857
513,0.4002113694515519,0.4099579755161703,0.1297814961914384
514,0.39433381540401236,0.4027041841768685,0.19458404828265172
515,0.39442652130381584,0.3945550886168464,0.20057133801943325
516,0.3836170133867318,0.4023935684268226,0.24277814546030785
517,0.4317313753847294,0.38269687557098486,0.5956786825954865
518,0.2819186413023327,0.29095560021925804,0.36416417076754193
519,0.29573182037304857,0.27418234971679156,0.1600943912360419
520,0.3140690473541736,0.2881966014982641,0.1506048058935008
521,0.30876626988541545,0.31710213776722107,0.1316995800292696
522,0.3141988356138985,0.309976247030879,0.14369208552000867
523,0.29667742055104385,0.30913575735428467,0.16830450710264652
524,0.2939889494567436,0.2898044947926183,0.12615147771329988
525,0.2753365224162865,0.2918874474693952,0.1613043973954214
526,0.27337115734045314,0.2816005846884707,0.11366412451841756
527,0.26949605072866833,0.27600950118764855,0.14705321374050728
528,0.27201765120332255,0.26787867714233504,0.19486190154887958
529,0.28662810101234837,0.27372556184907737,0.18685793487979888
530,0.26734527385322804,0.27935318837931666,0.19977363025510156
531,0.25466310676011417,0.2720993970400146,0.16092660658343735
532,0.20868098045759642,0.24549607162433762,0.23992790872932504
533,0.21085029851299741,0.21695596564955222,0.1666822025482192
534,0.20141283791300468,0.21171204092819285,0.21560230342150305
535,0.19028812993658906,0.1871368536451673,0.20635247855869085
536,0.21450291096525387,0.18699068152749854,0.2796221159727267
537,0.25052842362887984,0.21819842864973504,0.19414486086183988
538,0.22618385434049015,0.24346793349168638,0.20006663100584318
539,0.23621463269922494,0.23718253243193865,0.13112594747963782
540,0.24539251677976792,0.2377854924173216,0.22899303825196954
541,0.25911298995068033,0.2610816736707474,0.1595924627551141
542,0.263544331961286,0.2497716060661429,0.4593871740064147
543,0.2653984499573552,0.27471222364334,0.20316164750136417
544,0.2610968962064746,0.26206833546501007,0.11458919663478466
545,0.24483628138094726,0.26053352822949016,0.1861050421584072
546,0.24298216338487788,0.23879042572629283,0.1518573863436733
547,0.23195016130826573,0.24341311894756068,0.12239597711492944
548,0.2196202766344051,0.2353371094463731,0.17005014265524468
549,0.2346757147624876,0.21956879225287784,0.1518394603264973
550,0.21848926465680285,0.2231134661063402,0.20360083492217598
551,0.1953313308858975,0.19760643157317748,0.186562155596395
552,0.2268513368190752,0.20774712223643343,0.15699319026459518
553,0.2056958504839248,0.22252877763566603,0.23014030335123306
554,0.1997070493566211,0.1922894207929836,0.3311085950950115
555,0.24639374049764529,0.22967293988671666,0.19438686209371578
556,0.256183483516891,0.2518362872282113,0.1766401050894831
557,0.2683835799310268,0.2650465923625068,0.3122145729915153
558,0.21452145214521456,0.24862050063950314,0.3789441719291478
559,0.2229762302072904,0.1635483281564042,0.31639133499352157
560,0.14527014499202728,0.17734332176137413,0.516481717972123
561,0.269088144769533,0.21913027589987222,0.38157033344543073
562,0.2981607149478993,0.2818929289238078,0.2552008753632708
563,0.3002744094634182,0.30760095011876476,0.19055965742664135
564,0.31010123484258534,0.2988854376027773,0.12979045920002638
565,0.30064523306263213,0.3075461355746393,0.09354405247016932
566,0.2973263618496682,0.30069431755892573,0.09537250622212057
567,0.30531761041272687,0.2994701260734517,0.1615822506616493
568,0.31228909407794725,0.30515256714781647,0.26287321071459563
569,0.32363629621389123,0.30738169194226195,0.44990708945297686
570,0.26853190937071236,0.2579572446555819,0.16144780553282936
571,0.26992249786776434,0.26082587246482725,0.12511176871709231
572,0.2787666407090148,0.27431025031975154,0.1402086122322839
573,0.2589832016909557,0.2763201169376942,0.20850360061980996
574,0.2480253643341861,0.2497716060661429,0.1329095861886491
575,0.24231468090629305,0.2533528229490226,0.11621248712015667
576,0.25351355360255123,0.2431207747122236,0.15220694367860516
577,0.2509548707679756,0.2558742919788052,0.1314217267630417
578,0.24872992917269254,0.2546683720080395,0.140456439419742
579,0.2562020246968517,0.24748766672757172,0.15410710149926038
580,0.2342678088033523,0.2461355746391375,0.2390764229134654
581,0.28247487670115334,0.23937511419696678,0.32426085653378234
582,0.3089331405050617,0.2772336926731226,0.27078754729779636
583,0.3082285756665555,0.3097935318837933,0.3514725506069391
584,0.29769718544888213,0.31015896217796446,0.30197881718402353
585,0.3051692809730411,0.31147451123698155,0.5245930614840878
586,0.2861831126932919,0.3295815823131737,1.0000000000000002
587,0.13065969518300147,0.1595103234058105,0.42667219266022816
588,0.1214076463826157,0.1236433400328888,0.1592101008087502
589,0.09661808877516975,0.12525123332724297,0.2900549683390685
590,0.0708829309897282,0.09866617942627443,0.1970488756443507
591,0.05866429339563162,0.06866435227480361,0.1746592801915359
592,0.05278673934809219,0.05139777087520547,0.16441456137545613
593,0.04894871509622867,0.04436323771240647,0.11550342351076029
594,0.05280528052805278,0.05932760825872463,0.14244622732627718
595,0.046074832202321336,0.055380961081673674,0.11406037912809287
596,0.04900433863611087,0.05636762287593644,0.11006287729784653
597,0.0557718693217637,0.05351726658139966,0.17508054159517172
598,0.058497422775985575,0.05108715512515982,0.19966562600161622
599,0.0570326695590907,0.05293257811072538,0.1729742345769926
600,0.07900396781251162,0.0715147085693405,0.18832786828823028
601,0.08345385100307778,0.07798282477617402,0.11899899686007884
602,0.08408425112174145,0.08275169011511063,0.11460712265196066
603,0.08341676864315639,0.08757536999817295,0.10661660049576194
604,0.08332406274335313,0.08339119312991061,0.11134458752592999
605,0.07891126191270825,0.08065046592362524,0.16899465876392225
606,0.06739718915711801,0.0807235519824594,0.16358996458536046
607,0.06437497682352511,0.067074730495158,0.11528831130464837
608,0.06257648236733782,0.06504659236250687,0.09535458020494458
609,0.061834835168910196,0.06331079846519283,0.14562809537501586
610,0.06856528349464164,0.07268408551068894,0.08492163820851688
611,0.08115474468795192,0.07684999086424271,0.10841691040074689
612,0.06443060036340709,0.08065046592362524,0.1619621029656086
613,0.06101902325063957,0.06237895121505588,0.12972467071699048
614,0.0716802017280379,0.06263475242097583,0.13589426804845187
615,0.07731672043608862,0.07451123698154583,0.1237135393773649
616,0.0799310268105462,0.08066873743833369,0.12013729895075437
617,0.08391738050209518,0.08726475424812707,0.15318391161469674
618,0.0696406719323619,0.08520007308605881,0.17308080474910387
619,0.07592613193903663,0.0757171569523114,0.16997162670001384
620,0.07859606185337631,0.07228211218710034,0.23209423922341627
621,0.0803945563095636,0.08629636396857299,0.09159450847219425
622,0.07073460155004263,0.08631463548328155,0.13597493512574385
623,0.08059850928913115,0.07266581399598038,0.2149820632272137
624,0.08436236882115167,0.08689932395395583,0.10471196117081273
625,0.0816368153669299,0.09128448748401241,0.13038201776683414
626,0.08128453294767679,0.08536451671843592,0.1275317810358513
627,0.0721251900470945,0.08187465740909927,0.17558247007609953
628,0.06934401305299065,0.07262927096656302,0.1788297680875306
629,0.08256387436496448,0.07546135574639146,0.17593579187463834
630,0.07251455482626912,0.08377489493879042,0.1251207317256803
631,0.06658137723884738,0.06773250502466654,0.1115955517663939
632,0.06826862461527061,0.06667275717156951,0.14576021012160292
633,0.08106203878814855,0.07884158596747681,0.08042220789734272
634,0.0777987911150666,0.0834460076740362,0.13620797334903173
635,0.054399822004672416,0.06970582861319219,0.13787939519052128
636,0.0678421774761746,0.057865887082039213,0.13973644093986826
637,0.08076537990877752,0.06988854376027764,0.1232474629307891
638,0.08135869766751957,0.08812351543942987,0.11651624348120386
639,0.08117328586791261,0.08286131920336193,0.15776400900316287
640,0.09867615975080657,0.08183811437968214,0.18591681897805928
641,0.10266251344235555,0.1032888726475426,0.15154368104309343
642,0.1097637853673008,0.11169376941348441,0.13291854919723708
643,0.12695145919086293,0.11478165539923257,0.21422200009895162
644,0.13247673081914946,0.13248675315183622,0.4401794466023386
645,0.08612378091741757,0.09948839758816008,0.3733422915616501
646,0.07370119034375344,0.08552896035081314,0.14170328354441816
647,0.07946749731152891,0.07568061392289427,0.16417417348512606
648,0.05738495197834392,0.07825689749680254,0.14946309785956186
649,0.06048132903177961,0.05755527133199334,0.19162625544861292
650,0.06535765936144178,0.0753699981728485,0.11547689300533981
651,0.0631327177661587,0.07304951580486019,0.20597423959627742
652,0.07677902621722843,0.06913941165722637,0.23205838718906427
653,0.08113620350799122,0.08518180157135025,0.14635409907064356
654,0.08833018133273995,0.08671660880687004,0.12526413986308824
655,0.0859939926576927,0.08812351543942987,0.13839207928175468
656,0.08174806244669419,0.08964005116024121,0.10463129409352076
657,0.08052434456928848,0.08125342590900786,0.11574497659220678
658,0.0696592131123226,0.08079663804129356,0.1176635085804674
659,0.08566025141840039,0.07853097021743094,0.15270887215953294
660,0.10002966588793716,0.09137584505755514,0.17475787328600387
661,0.10262543108243416,0.10131554905901707,0.14122725815830967
662,0.10562910223606625,0.1086789694865703,0.11436512142008474
663,0.1080209144509956,0.10193678055910838,0.16889606566945428
664,0.11669818667260001,0.11441622510506122,0.13985591784434623
665,0.14063485000185416,0.1210122419148546,0.19166210748296492
666,0.12591315311306395,0.14186004019733256,0.23019408140276104
667,0.12196388178143658,0.1210670564589803,0.14621965394182362
668,0.12422590573664105,0.12389914123880874,0.2331877262711518
669,0.11766232803055598,0.11956879225287775,0.10630737669947607
670,0.10726072607260728,0.1223277909738717,0.19008461797147755
671,0.10579597285571274,0.10650465923625074,0.16066802378567366
672,0.10262543108243416,0.11321030513429553,0.14595972669277174
673,0.10911484406867666,0.10007308605883447,0.15155264405168142
674,0.10935587940816549,0.09652841220537178,0.12355668672707497
675,0.11215559758223015,0.10712589073634204,0.1620304010910491
676,0.12804538880854377,0.11412388086972414,0.15948490665205817
677,0.13388586049616213,0.13941165722638404,0.09423420413144504
678,0.14890421626432304,0.1372738900054814,0.14758203124719907
679,0.14946045166314392,0.15125159875753702,0.12349842717125299
680,0.14317499165646907,0.14767038187465753,0.16704072289173905
681,0.14054214410205068,0.14816371277178886,0.15166020015473738
682,0.12214929358104354,0.14396126438881784,0.18963646754207775
683,0.11048689138576773,0.12031792435592903,0.21471971596584305
684,0.08964660510994915,0.11498264206102682,0.20588720878288796
685,0.0764823673378574,0.09376941348437784,0.162506874627587
686,0.06498683576222797,0.07955417504111095,0.08913362483427398
687,0.07722401453628502,0.07191668189292888,0.12957866330709203
688,0.0898876404494382,0.08477982824776187,0.1284650094900335
689,0.08045017984944558,0.09194226201352096,0.08779553728217201
690,0.08668001631623845,0.08615019185090456,0.12913983440662374
691,0.09674787703489462,0.09188744746939526,0.14379408455774007
692,0.09029554640857351,0.10316097204458241,0.1677016551450179
693,0.07872585011310129,0.09205189110177225,0.14411531878553385
694,0.07536989654021575,0.07933491686460814,0.12242017723811703
695,0.06424518856380013,0.08110725379133943,0.15567876505516554
696,0.061834835168910196,0.0644619038918327,0.1125640048443269
697,0.062075870508399134,0.07025397405444911,0.15690373943888697
698,0.054028998405458495,0.06400511602411851,0.1646164083288578
699,0.06413394148403606,0.055198245934588,0.14795820871763726
700,0.061834835168910196,0.06703818746574097,0.1815141891596355
701,0.06825008343530992,0.06564955234788972,0.25400583742823324
702,0.03932584269662931,0.07668554723186549,0.5003929382964978
703,0.030314829235732588,0.03308971313721909,0.37304194114386635
704,0.05215633922942853,0.03188379316645351,0.1480193364362074
705,0.06548744762116665,0.047652110359948874,0.16942488317614607
706,0.08069121518893452,0.07794628174675688,0.13721353328251906
707,0.07590759075907594,0.08660697971861875,0.35556093734426775
708,0.049764527014499294,0.07644801754065411,0.4107895621821269
709,0.023361886750472793,0.04657409099214316,0.3285151485600748
710,0.030314829235732588,0.02621962360679697,0.31125346958062444
711,0.009938072458931302,0.02837566234240818,0.20469790717334674
712,0.01733600326324769,0.016882879590718103,0.24227541030860714
713,0.0,0.015201900237529764,0.19912811437659408
714,0.005747765787814774,0.006632559839210739,0.21132228756056307
715,0.0005376942188600742,0.0,0.2072634787515748
716,0.018745132940260367,0.006614288324502171,0.18443478550803408
717,0.006192754106871368,0.01850904439978074,0.29902138287032826
718,0.022898357251455503,0.015622145075826821,0.18385254847015783
719,0.03773130122000967,0.017193495340763754,0.2584367903537951
720,0.05304631586754183,0.038954869358669875,0.18328940264057403
721,0.06370749434494016,0.058943906449844596,0.1289328785383269
722,0.0678607186561353,0.06184907728850719,0.12211848236904507
723,0.06215003522824192,0.06919422620135207,0.07761346989612232
724,0.0696035895724405,0.06902978256897507,0.20329555484966885
725,0.06326250602588346,0.07579024301114556,0.09229702908532139
726,0.06648867133904401,0.06617942627443818,0.06239177167129996
727,0.059980717172840925,0.06950484195139783,0.19570935401087464
728,0.04084621945340594,0.059053535538096114,0.24340546643138172
729,0.031260429413727864,0.04348620500639511,0.3291095752896307
730,0.03281788853042611,0.03389365978439618,0.26083824924477694
731,0.004357177290762793,0.022547049150374532,0.2569722347505165
732,0.031353135313531344,0.005189110177233669,0.35307800470522105
733,0.052082174509585855,0.03882696875570979,0.2513744773669693
734,0.05350984536655912,0.047706924904074466,0.1774842412383006
735,0.061464011569696275,0.06539375114196977,0.14367899952747018
736,0.07103126042941377,0.06122784578841578,0.15316464114623257
737,0.05191530388993959,0.0745843230403801,0.1670109657032269
738,0.06022175251232986,0.06290882514160434,0.2078432957771323
739,0.06739718915711801,0.059766124611730365,0.22853565592372407
740,0.06769384803648903,0.08178329983555632,0.12407277676157179
741,0.06821300107538852,0.0708386625251235,0.11393821332103848
742,0.07286683724552245,0.07527864059930567,0.13574422728468882
743,0.08204472132606522,0.0753699981728485,0.18836354106241052
744,0.08436236882115167,0.09004202448382981,0.10193620704119614
745,0.08680980457596332,0.08737438333637859,0.13547963927117115
746,0.08223013312567218,0.08867166088068712,0.15927579966170022
747,0.07972707383097855,0.08536451671843592,0.1518002023488819
748,0.08706938109541307,0.08213045861501922,0.19810086396232382
749,0.0678607186561353,0.07725196418783131,0.1389753918806615
750,0.0748136611413951,0.08119861136488216,0.12371658680028481
751,0.07944895613156822,0.07761739448200256,0.17472802646740584
752,0.09072199354766952,0.0803215786588708,0.1535554283206692
753,0.09646975933548396,0.09473780376393204,0.11453909341677776
754,0.1019394074238884,0.09652841220537178,0.1190076909784092
755,0.10332999592094039,0.10005481454412568,0.10023950951548845
756,0.0998257129083695,0.1054997259272793,0.0857566320885746
757,0.08679126339600263,0.1003837018088799,0.10070845412481241
758,0.09559832387733169,0.08854376027772703,0.1453107152409149
759,0.09470834723921828,0.09042572629270962,0.11835930693715355
760,0.11523343345570503,0.09751507399963455,0.1809416321710343
761,0.1076686320317426,0.11247944454595282,0.11045285780151025
762,0.11282308006081498,0.11450758267860406,0.12284448606467278
763,0.11996143434568185,0.12156038735611185,0.18149689055306065
764,0.10067860718656152,0.10553626895669643,0.1294020920379085
765,0.10262543108243416,0.1037456605152568,0.15766604331929607
766,0.08964660510994915,0.10295998538278817,0.1134125328673525
767,0.07857752067341561,0.0881052439247213,0.10549828591423764
768,0.09216820558460337,0.08629636396857299,0.17604343760778018
769,0.08282345088441445,0.0939704001461722,0.20948164411693213
770,0.06533911818148108,0.07337840306961452,0.26070165299389586
771,0.05627248118070238,0.06210487849442714,0.20830238107700946
772,0.027440946341825145,0.05169011511054278,0.23276942266035003
773,0.060444246671858215,0.03402156038735615,0.4949705869910177
774,0.045147773204286756,0.058395761008587566,0.3298151433256778
775,0.06637742425927995,0.06848163712771782,0.3318136253505433
776,0.08204472132606522,0.08293440526219631,0.1980177768727131
777,0.093336299922127,0.07429197880504301,0.23018852433743647
778,0.11808877516965177,0.09490224739630915,0.27512752568619003
779,0.14187710905922057,0.12484926000365426,0.22508149167408206
780,0.1314940482812328,0.14608076009501192,0.17744570030137222
781,0.14786591018652429,0.13007491321030507,0.1701336778952848
782,0.1563948529684429,0.15494244472866814,0.10785976978691703
783,0.14536285089183076,0.15116024118399418,0.10134491736464603
784,0.134720213594393,0.1416590535355381,0.10462833630068671
785,0.1508510401601959,0.13835190937328712,0.1287324656662993
786,0.1525568287165795,0.1549607162433767,0.14434970146010995
787,0.1430452033967442,0.15313356477251971,0.11412320981829473
788,0.15094374605999916,0.15448565686095395,0.12833907921937215
789,0.17226610301479583,0.15075826786040547,0.17182374279463739
790,0.16095598323877347,0.17438333637858572,0.15385945357197403
791,0.17094967923758664,0.16184907728850717,0.13081179402862855
792,0.18387288167018956,0.17325050246665452,0.15032659410692942
793,0.17957132791930874,0.18916499177781854,0.3332934180684215
794,0.17178403233581774,0.1767220902612826,0.12849153999545396
795,0.158267512144473,0.16849990864242648,0.15081328547325762
796,0.14482515667297058,0.15969303855289618,0.1317178645667891
797,0.14515889791226333,0.1471770509775262,0.14235605945988195
798,0.1600103830607782,0.15178147268408548,0.14248440974286203
799,0.15891645344309713,0.16225105061209588,0.1084271282305372
800,0.16103014795861603,0.16544856568609545,0.08665947594364348
801,0.17475062112952866,0.16162981911200436,0.11461751974192273
802,0.17048614973856946,0.17754430842316837,0.12737905136951186
803,0.16562836058886798,0.17089347706924907,0.14533733537642127
804,0.1582489709645123,0.16340215603873565,0.13013472835989132
805,0.15865687692364738,0.15602046409647363,0.10815052978551164
806,0.14313790929654768,0.154905901699251,0.14059671050414413
807,0.1422479326584345,0.1444363237712406,0.0961654635919006
808,0.13889197908554896,0.14005116024118414,0.11543467723489036
809,0.15318722883524316,0.14334003288872654,0.15164334969859194
810,0.16058515963955955,0.1558742919788051,0.14586651140345658
811,0.16700040790595927,0.16014982642061037,0.1210577999327416
812,0.16490525457040084,0.16446190389183257,0.07000199337310997
813,0.16518337226981128,0.16594189658322678,0.08110151431822697
814,0.16915118478139957,0.16798830623058658,0.09195831699078101
815,0.16751956094485854,0.17231865521651757,0.08706155650890099
816,0.15103645195980286,0.16373104330348986,0.11421113693254298
817,0.154281158452924,0.14787136853645177,0.1352629137235134
818,0.15116624021952751,0.1500091357573542,0.08738879595244874
819,0.13470167241443232,0.15024666544856558,0.128162239059931
820,0.12954722438535993,0.12822949022473973,0.1371184357614004
821,0.13968924982385889,0.13763932029965276,0.10825781699830994
822,0.12858308302740395,0.1392654851087155,0.13305926843206864
823,0.13599955501168104,0.1293805956513795,0.09862285165647156
824,0.1244669410761301,0.1348803215786588,0.11856715910630918
825,0.14161753253977083,0.132505024666545,0.13876987009373873
826,0.13792783772759298,0.14726840855106882,0.12720633419402116
827,0.1404494382022472,0.134332176137402,0.17406601865309643
828,0.15936144176215383,0.1444363237712406,0.18744635639360085
829,0.17039344383876576,0.17334186004019736,0.09015083667892568
830,0.17447250343011822,0.17003471587794639,0.1199752477554834
831,0.17321170319279133,0.17915220171752255,0.08749590390507529
832,0.17753179812363262,0.1762653023935684,0.0828146141496507
833,0.18874921199985173,0.1841768682623791,0.09190104336590373
834,0.18277895205250871,0.18898227663073264,0.10951891230664103
835,0.1781251158823749,0.18671660880687002,0.15116965469471635
836,0.18003485741832614,0.17708752055545418,0.18378819406849603
837,0.1823525049134127,0.18733784030696154,0.35832620475383636
838,0.15737753550635958,0.14832815640416597,0.26925281133727375
839,0.17308191493306646,0.16464461903891825,0.12426270291355143
840,0.16889160826194982,0.16851818015713504,0.14436583487556834
841,0.16306967775429237,0.16868262378951215,0.16525260267843378
842,0.14324915637631186,0.15828613192033603,0.14425397652839014
843,0.13212444839989623,0.14352274803581222,0.12056824040366523
844,0.1426372974376091,0.15262196236067982,0.09912863423109218
845,0.15391033485371008,0.14350447652110365,0.17035542272775184
846,0.16522045462973267,0.16389548693586697,0.09445227413039099
847,0.16446026625134436,0.1684268225835922,0.06312449762336865
848,0.16446026625134436,0.16405993056824408,0.0938398317535732
849,0.15513405273111602,0.16466289055362682,0.12891602808218147
850,0.15576445284977924,0.15116024118399418,0.1167836100273838
851,0.15302035821559667,0.15474145806687367,0.19925619576931655
852,0.16010308896058145,0.15247579024301128,0.15495500211168484
853,0.1309192717024512,0.15731774164078194,0.175340199953966
854,0.13078948344272634,0.13168280650465924,0.19663155796449358
855,0.1118960210627804,0.1322857664900422,0.13680508898116406
856,0.11540030407535129,0.116590535355381,0.40232077388767273
857,0.11048689138576773,0.11392289420792989,0.2190000007170407
858,0.09309526458263817,0.11112735245751881,0.15498664153200045
859,0.09187154670523245,0.0921980632194409,0.12887757677533895
860,0.10125338376534287,0.09451854558742911,0.1520139701037056
861,0.10679719657358988,0.10818563858943897,0.10838240281768309
862,0.11677235139244257,0.1074365064863877,0.129807937066773
863,0.11745837505098833,0.12112187100310623,0.09762759918286044
864,0.12211221122112215,0.12424630001827153,0.12023589204522234
865,0.11558571587495825,0.12711492782751688,0.1360435917715279
866,0.11756962213075228,0.1165357208112553,0.1545489778226486
867,0.09450439425965063,0.1120957427370729,0.15027846275081186
868,0.08686542811584541,0.0952128631463548,0.1616703570360693
869,0.10383060777987918,0.09572446555819492,0.16615849395642257
870,0.12246449364037537,0.1121505572811986,0.12790500071345548
871,0.12264990543998211,0.12304038004750584,0.1575947874010215
872,0.1276004004894873,0.12338753882696885,0.12034129702621717
873,0.1296399302851634,0.12631098118033968,0.1469662725572037
874,0.11375013905884979,0.13411291796089897,0.1874976248027242
875,0.09754514777320433,0.10990316097204478,0.17221488848941754
876,0.08617940445729966,0.0959437237346975,0.1437196915864597
877,0.07092001334964959,0.0847615567330533,0.10622106292677366
878,0.06506100048207075,0.06800657774529506,0.15881967215465706
879,0.04644565580153537,0.06634386990681529,0.11367604531983959
880,0.04957911521489222,0.051306413301662745,0.1320529914578943
881,0.057570363777950884,0.050118764845605734,0.15185442855083925
882,0.07110542514925655,0.062305865156221385,0.10610606752658967
883,0.06719323617755035,0.0740727206285402,0.14701440391332124
884,0.05350984536655912,0.06828065046592358,0.17025951853586027
885,0.029851299736715298,0.04783482550703455,0.21732956480649582
886,0.0255126636259132,0.0337109446373105,0.17996260274296744
887,0.039196054436904326,0.03181070710761924,0.28751978135995376
888,0.05669892831979828,0.04127535172665808,0.14694879469045713
889,0.0557718693217637,0.06442536086241546,0.09082835049809232
890,0.07251455482626912,0.06464461903891827,0.15029880878030663
891,0.060258834872251255,0.07089347706924909,0.16962305529602667
892,0.061093187970482465,0.06232413667092995,0.15581948428999706
893,0.04127266659250195,0.06422437420062133,0.24055971120469288
894,0.042459302109986274,0.04494792618308052,0.2973597307081996
895,0.051655727370489846,0.043175589256349234,0.1872430753588251
896,0.06548744762116665,0.05958340946464458,0.16773768643954165
897,0.0725701783661512,0.06283573908277007,0.18302060201302003
898,0.06302147068639452,0.07721542115841395,0.2107257993390319
899,0.07685319093707133,0.06590535355380966,0.22873526212497877
900,0.10041903066711155,0.07957244655581952,0.6081097480964363
901,0.08964660510994915,0.11691942262013522,0.43576471672232103
902,0.07818815589424122,0.08019367805591093,0.34403029568606813
903,0.07989394445062492,0.07303124429015162,0.22922526980448452
904,0.07017836615122186,0.0695231134661064,0.35024883104442
905,0.13041865984351242,0.08843413118947574,0.36023953819711596
906,0.12074016390403086,0.130805773798648,0.29718172535764203
907,0.08977639336967425,0.11392289420792989,0.2814950262472744
908,0.08545629843883273,0.08331810707107612,0.3908575340540549
909,0.14832943968554146,0.09243559291065229,0.5709138898668528
910,0.13942967330440914,0.1410378220354468,0.45528211607311236
911,0.19531278970593702,0.1360314270052988,0.012437518867133079
912,0.11877479882819753,0.13632377124063588,0.0
913,0.133941484036044,0.11770509775260385,0.0002545494438990952
914,0.12339155263840995,0.12322309519459174,0.0029641565701362593
915,0.13599955501168104,0.12042755344418066,0.0004589060397054111
